{
	"ProjectName": "Client",
	"ProjectPath": "/Users/mitchellpynn/Desktop/DentER/Client",
	"SourceDir": "src",
	"DistributionDir": "artifacts",
	"BuildCommand": "npm run-script build",
	"StartCommand": "npm run-script start",
	"InitializationTime": "2018-03-08-16-10-15",
	"LastConfigurationTime": "2018-03-08-16-10-27",
	"LastNPMInstallTime": "",
	"FrontendLastBuildTime": "",
	"LastPublishTime": "",
	"BackendFormat": "yml",
	"BackendLastBuildTime": "2018-03-24-06-08-53",
	"BackendLastUpdateTime": "2018-03-24-06-10-35",
	"BackendLastUpdateSuccessful": true,
	"BackendProjectID": "3cabbc64-7e26-4744-932e-716ab95cdd40",
	"BackendProjectName": "DentER",
	"BackendProjectConsoleUrl": "https://console.aws.amazon.com/mobilehub/home#/3cabbc64-7e26-4744-932e-716ab95cdd40/build",
	"BackendProjectCreationTime": "2018-03-08T21:08:56.226Z",
	"BackendProjectLastUpdatedTime": "2018-03-24T10:09:37.872Z"
}